outer_holdout,method,m,C,converged,iterations,objective,calibration_intercept_train_crossfit,calibration_slope_train_crossfit,calibration_converged
GSE41258,PAFS,100,3.1622776601683795,True,22,0.16387768601396038,0.04149026063575618,0.9460317744130647,True
GSE41258,M_ONLY,5,10.0,True,12,0.3072301760195878,-0.6369906034793105,1.0695023742354288,True
GSE41258,COHORT_ADJ,5,10.0,True,12,0.24868340402738892,0.03745647771963063,1.1759696551158911,True
GSE39582,PAFS,100,316.22776601683796,True,44,0.05590554003832254,1.981740528702763,0.6314804408650986,True
GSE39582,M_ONLY,20,1000.0,True,32,0.09030906430887607,-0.4702060317093155,0.5262633607852009,True
GSE39582,COHORT_ADJ,5,0.03162277660168379,True,11,0.6827237169884061,-0.1925567082369389,52.72693897113617,True
GSE9348,PAFS,100,10000.0,True,119,0.01002124599438155,-0.23756497903128834,0.21185090888234867,True
GSE9348,M_ONLY,20,1000.0,True,37,0.08306908095464777,-0.6669638122003143,0.42975667434223513,True
GSE9348,COHORT_ADJ,100,31.622776601683793,True,36,0.10442391421269683,-0.4732597268828489,0.6534726071095289,True
GSE23878,PAFS,100,0.0001,True,2,0.692515003187335,1.863169771072503,1087.1268105900988,True
GSE23878,M_ONLY,100,0.03162277660168379,True,16,0.5570603995042871,-0.31905356161770104,4.176099442052508,True
GSE23878,COHORT_ADJ,100,10.0,True,27,0.1273510388365416,-0.2794353136081449,0.7246889849841108,True
GSE44861,PAFS,100,31.622776601683793,True,22,0.0392980076527605,-1.424192639388861,0.49234632847565524,True
GSE44861,M_ONLY,100,3.1622776601683795,True,19,0.09489020913958154,-2.037348856269303,1.278105049483916,True
GSE44861,COHORT_ADJ,20,31.622776601683793,True,18,0.06904450886704655,-1.2089508147883317,1.4393205020736624,True
GSE103512,PAFS,20,316.22776601683796,True,24,0.08139037612373143,-0.06323643090674824,1.006758534475536,True
GSE103512,M_ONLY,20,10000.0,True,38,0.056790068780109774,-0.9302401056345909,0.6409762140341613,True
GSE103512,COHORT_ADJ,20,1000.0,True,31,0.06360392049815317,-1.4273099200958057,0.8864741386929292,True
