method,m,mean_pairwise_Jaccard,median_pairwise_Jaccard,mean_pairwise_Kuncheva,median_pairwise_Kuncheva,n_outer_fold_pairs
PAFS,5,0.1126984126984127,0.0,0.17295733648685524,-0.00045483489493313925,15
PAFS,10,0.21492292823562176,0.17647058823529413,0.33939934473971606,0.29936294139060793,15
PAFS,20,0.22405123697925813,0.14285714285714285,0.3454764073601749,0.24863363089815996,15
PAFS,50,0.30346972082386275,0.26582278481012656,0.4468184143222507,0.41735111435878697,15
PAFS,100,0.308876010682181,0.2903225806451613,0.45571774637548174,0.44495320242246283,15
PAFS,200,0.36635229428607535,0.3114754098360656,0.5175601037229116,0.46527597703278384,15
PAFS,500,0.44482150244638896,0.4144271570014144,0.5887710421032577,0.5662819584682797,15
M_ONLY,5,0.2560846560846561,0.25,0.35970890566724273,0.3997270990630401,15
M_ONLY,10,0.3417069858246329,0.25,0.4928722242446305,0.3994539497633782,15
M_ONLY,20,0.41797284454877853,0.42857142857142855,0.5758954272180724,0.599271269812352,15
M_ONLY,50,0.46422532836175023,0.4492753623188406,0.6263010595542565,0.6182645232005846,15
M_ONLY,100,0.4596864403243323,0.41843971631205673,0.6192042576619563,0.5862378418058359,15
M_ONLY,200,0.5261746764814628,0.47601476014760147,0.6788260789035004,0.638424708279311,15
M_ONLY,500,0.5999808013904226,0.5723270440251572,0.7344611926081159,0.7150451514574204,15
COHORT_ADJ,5,0.4603174603174604,0.42857142857142855,0.6131574638406257,0.5998180660420267,15
COHORT_ADJ,10,0.42454212454212453,0.42857142857142855,0.5862904987258827,0.5996359665089188,15
COHORT_ADJ,20,0.4556890281473151,0.42857142857142855,0.6193077063217344,0.599271269812352,15
COHORT_ADJ,50,0.5641755713382319,0.5384615384615384,0.7147029594446476,0.6986298867373036,15
COHORT_ADJ,100,0.5541484616208818,0.5748031496062992,0.7059933932831712,0.727522481189209,15
COHORT_ADJ,200,0.6139015469379899,0.6666666666666666,0.7514806445638081,0.7962956102982034,15
COHORT_ADJ,500,0.6939188861468978,0.7094017094017094,0.8091919984759001,0.8219032196608878,15
