outer_holdout,method,m,C,lambda_portability,converged,iterations,objective,calibration_intercept_train_crossfit,calibration_slope_train_crossfit,calibration_converged
GSE41258,PAFS,5,10.0,0.0,True,12,0.3072301760195878,-0.315939529958209,1.019156454419027,True
GSE41258,M_ONLY,5,10.0,,True,12,0.3072301760195878,-0.315939529958209,1.019156454419027,True
GSE41258,COHORT_ADJ,5,10.0,,True,12,0.24868340402738892,0.01318017063960796,1.1170516055558588,True
GSE39582,PAFS,500,10000.0,1.0,True,113,0.0018603372474115193,-0.0027402767030500325,0.32217573537971245,True
GSE39582,M_ONLY,20,1000.0,,True,32,0.09030906430887607,-0.20971939170095674,0.5506692166774512,True
GSE39582,COHORT_ADJ,5,0.03162277660168379,,True,11,0.6827237169884061,-0.0029321961690883806,1.2040724361823845,True
GSE9348,PAFS,20,1000.0,0.0,True,37,0.08306908095464777,-0.3199819231272016,0.4290170986215483,True
GSE9348,M_ONLY,20,1000.0,,True,37,0.08306908095464777,-0.3199819231272016,0.4290170986215483,True
GSE9348,COHORT_ADJ,200,100.0,,True,62,0.06596976559710735,-0.17598073038406836,0.5985854644187989,True
GSE23878,PAFS,100,0.03162277660168379,0.0,True,16,0.5570603995042871,-0.08468043090517434,1.8586390128959294,True
GSE23878,M_ONLY,100,0.03162277660168379,,True,16,0.5570603995042871,-0.08468043090517434,1.8586390128959294,True
GSE23878,COHORT_ADJ,500,3.1622776601683795,,True,40,0.12198543719397152,-0.2373158575810916,0.7058311831656713,True
GSE44861,PAFS,200,31.622776601683793,2.0,True,30,0.02935305810482311,-0.596518944209936,0.4155138407064327,True
GSE44861,M_ONLY,200,1.0,,True,19,0.12162970267458481,-0.46530297901835477,0.9765346203891566,True
GSE44861,COHORT_ADJ,20,31.622776601683793,,True,18,0.06904450886704655,-0.20967556280893462,1.146533204527055,True
GSE103512,PAFS,20,10000.0,0.0,True,38,0.056790068780109774,-0.2633611538284541,0.7026742586555035,True
GSE103512,M_ONLY,20,10000.0,,True,38,0.056790068780109774,-0.2633611538284541,0.7026742586555035,True
GSE103512,COHORT_ADJ,20,1000.0,,True,31,0.06360392049815317,-0.37069707984465267,0.846981411832047,True
