outer_holdout,method,n,cases,controls,AUROC_raw,AUROC_calibrated,AUPRC_calibrated,balanced_Brier,calibration_intercept_descriptive,calibration_slope_descriptive,calibration_fit_ok,sensitivity_at_0.5,specificity_at_0.5
GSE41258,PAFS,240,186,54,0.9894464356829948,0.9894464356829948,0.9970549907957889,0.06559242816013788,3.3094549108651177,2.4536107566787364,True,0.9086021505376344,0.9814814814814815
GSE41258,M_ONLY,240,186,54,0.9894464356829948,0.9894464356829948,0.9970549907957889,0.06559242816013788,3.3094549108651177,2.4536107566787364,True,0.9086021505376344,0.9814814814814815
GSE41258,COHORT_ADJ,240,186,54,0.9921346077260056,0.9921346077260056,0.9975251030612758,0.022106144909118226,1.9415268191561914,1.5412277831933339,True,0.978494623655914,0.9814814814814815
GSE39582,PAFS,585,566,19,0.997768272270783,0.997768272270783,0.9999265242313646,0.010757669118767247,2.1957061266633495,1.9173267079040535,True,0.9929328621908127,1.0
GSE39582,M_ONLY,585,566,19,0.9987911474800074,0.9987911474800074,0.9999601978266308,0.007676850164040039,3.880342383752318,2.7203691279995574,True,0.991166077738516,1.0
GSE39582,COHORT_ADJ,585,566,19,0.9984191928584712,0.9984191928584712,0.9999484814139125,0.2352165289781762,3.9072082329233897,144.8492696779773,True,0.9893992932862191,1.0
GSE9348,PAFS,82,70,12,1.0,1.0,1.0,0.01637288694947789,-9.669860707752791,12.007242500271515,True,1.0,1.0
GSE9348,M_ONLY,82,70,12,1.0,1.0,1.0,0.01637288694947789,-9.669860707752791,12.007242500271515,True,1.0,1.0
GSE9348,COHORT_ADJ,82,70,12,1.0,1.0,1.0,0.004083632517551053,-0.11085981833218501,8.459704407529713,True,1.0,1.0
GSE23878,PAFS,59,35,24,0.9988095238095238,0.9988095238095238,0.9992063492063492,0.07809173142593563,1.3038477043297414,7.278463964240196,True,0.9714285714285714,1.0
GSE23878,M_ONLY,59,35,24,0.9988095238095238,0.9988095238095238,0.9992063492063492,0.07809173142593563,1.3038477043297414,7.278463964240196,True,0.9714285714285714,1.0
GSE23878,COHORT_ADJ,59,35,24,0.9976190476190476,0.9976190476190476,0.9984555984555984,0.020747632684474288,0.41195280816826824,2.5498149301382678,True,0.9714285714285714,1.0
GSE44861,PAFS,111,56,55,0.8931818181818182,0.8931818181818182,0.8855804761267689,0.1850762489964009,2.091558285116308,1.1487941338014263,True,0.5535714285714286,0.9636363636363636
GSE44861,M_ONLY,111,56,55,0.8694805194805195,0.8694805194805195,0.8805036358543065,0.18628865653795418,1.7256181508646908,0.8502868415485193,True,0.6071428571428571,0.9454545454545454
GSE44861,COHORT_ADJ,111,56,55,0.8652597402597403,0.8652597402597403,0.8759220277766078,0.17789945099800042,1.2285296663244905,0.44956058498627155,True,0.6785714285714286,0.9454545454545454
GSE103512,PAFS,69,57,12,0.8362573099415205,0.8362573099415205,0.9568181731564446,0.21969523814084677,0.0744910007274622,0.7188404892191975,True,0.9649122807017544,0.5
GSE103512,M_ONLY,69,57,12,0.8362573099415205,0.8362573099415205,0.9568181731564446,0.21969523814084677,0.0744910007274622,0.7188404892191975,True,0.9649122807017544,0.5
GSE103512,COHORT_ADJ,69,57,12,0.8698830409356725,0.8698830409356725,0.9659225969741302,0.3765996438338066,-3.7142250624834072,1.1694915528733443,True,1.0,0.0
