path	bytes	sha256
data\raw\geo\GSE41258_series_matrix.txt.gz	17537584	95931c3bb5fef20e4e056e4e3b1c354aa9272a7e1c60e1fd54e2849b30bb582a
data\raw\geo\GSE39582_series_matrix.txt.gz	172157430	5b88fa71c5268fa1a6ac52b062ee6e676def6c997ab4a09c36ea7acd90ef3968
data\raw\geo\GSE9348_series_matrix.txt.gz	16303513	c9c57599c07516dd1a2ebf39ddc33368a74a6929072554dd724705cc400378a1
data\raw\geo\GSE23878_series_matrix.txt.gz	14245117	2ac60c2b95acd73ada7591ba3b2a4e1257cfadc2e289798d0c07fcc94e12aa36
data\raw\geo\GSE44861_series_matrix.txt.gz	8129192	83591abbb5dab0ee1e7cc2f86430fe13d33f2db36e403343b878974ee79fbfd9
data\raw\geo\GSE103512_series_matrix.txt.gz	82939292	1d2b5f38dd9bbdcf74d4f76fe7ebe06d1b61a22da241405cf8f2ac5f89f208d6
data\raw\geo\GSE156451_series_matrix.txt.gz	8270	421a8cfa3adab89e17ada62c9aaff97dfa32c6b429b5e67320d2655d9ed66c9c
data\raw\geo\GSE156451_RAW.tar	41666560	043c91f8fe1b4295b6406462e7f589b34dc3f40e4c6a313eece4dc3b4cf9427e
data\raw\geo\GSE106582_series_matrix.txt.gz	47792804	fb8f357665b57d6cca404f9db4275d9bdbd212c274e29e91467415ac6c7e425b
data\raw\geo\GSE44076_series_matrix.txt.gz	32596137	096db6c83516d01e39a8c1e3b84b2b3759d9edb133e0ce40807251a69b2671bb
data\raw\platform\GPL10558.annot.gz	7290886	c914fdbe1130906ce3b9c97f5a75280591c89c617c168fb687c641f683e76b45
data\raw\platform\GPL13158.annot.gz	8313277	d9eddd653c200c9ac1b282b441079a19e890914929b35792a4e99ce4eba3b0d0
data\raw\platform\GPL13667.annot.gz	268711	d3c23874d8c1221c8de367117b8e9b0591f5e54a433d11d047d68a9b70841659
data\raw\platform\GPL3921.annot.gz	4551278	72ddaac9e503b262b8389298820eaa84dd5d520754a83cc653cc81f51d83405e
data\raw\platform\GPL570.annot.gz	8471521	d7cd44352127b1e34f3a720ebea86093ef255a38f1612a85a2962b71bde8f394
data\raw\platform\GPL96.annot.gz	4522748	88e0b22362bac779eb220b3b185c80faa6510a92b9358eaad159a561ab4351c4
