accession,min,q01,median,q99,max,missing_fraction
GSE41258,0.351,4.3,56.75,1240.0,527000.0,0.0
GSE39582,1.345960137,2.50291081522,5.1268154505000005,10.974026619999998,16.11154945,0.0
GSE9348,0.135043,3.5281125,162.004,11333.61875,144757.5,0.0
GSE23878,-3.4446948,-0.014936434559999974,4.8012357,10.582977359999996,17.314766,0.0
GSE44861,4.37639,5.0239201,6.9868,13.1753,15.3355,0.0
GSE103512,2.249208561,2.70608675448,4.8985301205,9.250925573000007,13.36269314,0.0
GSE156451,0.0,0.0,0.917415692366241,219.33008251100884,26507.37768675032,0.0
GSE106582,6.092692032,6.326693187,6.906635473,12.18666669,14.34822719,0.0
GSE44076,1.4418,1.9452500000000001,3.6743,10.81143700000001,13.57575,0.0
